{"schemaVersion":"1.0","appDefinitionTemplate":{"id":"/providers/Microsoft.PowerApps/apps/","type":"Microsoft.PowerApps/apps","tags":{"primaryDeviceWidth":"1366","primaryDeviceHeight":"768","sienaVersion":"20220511T214258Z-3.22051.27.0","deviceCapabilities":"","supportsPortrait":"true","supportsLandscape":"true","primaryFormFactor":"Tablet","publisherVersion":"3.22051.27","minimumRequiredApiVersion":"2.2.0","hasComponent":"false","hasUnlockedComponent":"false","isUnifiedRootApp":"false"},"properties":{"appVersion":"2022-05-11T21:42:58Z","lifeCycleId":"Published","createdByClientVersion":{"major":3,"minor":22051,"build":27,"revision":0,"majorRevision":0,"minorRevision":0},"minClientVersion":{"major":3,"minor":22051,"build":27,"revision":0,"majorRevision":0,"minorRevision":0},"backgroundColor":"RGBA(0,176,240,1)","backgroundImageUri":"/1446116252781894423/N6d73adcc-fa49-4285-ab76-8e693879955a-logoSmallFile","displayName":"Oficios Automatizados","description":"","commitMessage":"","appUris":{"documentUri":{"value":"/1446116252781894423/N9b5c7bc5-0ebf-431f-9126-b29cd48bdfab-document.msapp"},"imageUris":[]},"createdTime":"0001-01-01T00:00:00Z","lastModifiedTime":"0001-01-01T00:00:00Z","sharedGroupsCount":0,"sharedUsersCount":0,"icons":{"smallIconUri":"/1446116252781894423/N6505ecc5-bfa7-49d5-912c-e42be48c41d8-small.png","mediumIconUri":"/1446116252781894423/N9c20c8c9-2f77-43ba-a75a-cbe69cb19cc2-medium.png","largeIconUri":"/1446116252781894423/N47f75c0d-601a-4f6e-b375-cc8d823b9885-large.png","wideIconUri":"/1446116252781894423/N41fa5961-0675-4ddb-b642-4f81bd386525-wide.png"},"connectionReferences":{"c7ead4f9-c017-4da1-a8f6-7296968de5a9":{"id":"6d15332e-8c0d-4d57-afea-3b2e97d8bd44","displayName":"SharePoint","iconUri":"https://connectoricons-prod.azureedge.net/releases/v1.0.1568/1.0.1568.2757/sharepointonline/icon.png","dataSources":["Usuarios","Plantillas","Documentos","Externos"],"dependencies":[],"dependents":[],"parameterHints":{},"parameterHintsV2":{},"isOnPremiseConnection":false,"bypassConsent":false,"dataSets":{"https://invimedic365.sharepoint.com/sites/TalentoHumano":{"dataSources":{"Usuarios":{"tableName":"14d16d88-8588-4630-afdf-fa0d967b2245"},"Plantillas":{"tableName":"42197b0f-683b-4fb0-9718-147321e85668"},"Documentos":{"tableName":"10d238ce-83ce-47fb-9221-fa6f91ab9f7e"},"Externos":{"tableName":"c562c740-6ab8-4e83-ba42-3cc8e1f76098"}}}},"apiTier":"Standard","isCustomApiConnection":false,"actions":["providers/PowerPlatform.Governance/Operations/Read"]},"db73e12d-3e76-4451-9201-99d86c9f4e77":{"id":"ff0502af-3881-420c-aa5d-3651c2dbf9a5","displayName":"Flujos lógicos","iconUri":"https://connectoricons-prod.azureedge.net/releases/v1.0.1534/1.0.1534.2605/logicflows/icon.png","dataSources":["AutomatizaciondeCertificados"],"dependencies":["3ee5c85b-57bd-4b42-9411-2770e09d344d"],"dependents":[],"parameterHints":{"workflowName":{"value":"16fb5772-9b4d-43a1-a814-656e14e3fe25"},"workflowEntityId":{},"3ee5c85b-57bd-4b42-9411-2770e09d344d":{"value":"shared_sharepointonline"}},"parameterHintsV2":{"workflowName":{"value":"16fb5772-9b4d-43a1-a814-656e14e3fe25"},"workflowEntityId":{},"shared_sharepointonline":{"value":"3ee5c85b-57bd-4b42-9411-2770e09d344d"}},"isOnPremiseConnection":false,"bypassConsent":false,"dataSets":{},"apiTier":"Standard","isCustomApiConnection":false,"actions":["Run"],"nestedActions":[{"id":"/providers/Microsoft.PowerApps/apis/shared_sharepointonline/apiOperations/GetFileContentByPath","apiName":"SharePoint","actionName":"GetFileContentByPath","referencedResources":[{"key":"site","value":"https://invimedic365.sharepoint.com/sites/TalentoHumano"}]},{"id":"/providers/Microsoft.PowerApps/apis/shared_sharepointonline/apiOperations/CreateFile","apiName":"SharePoint","actionName":"CreateFile","referencedResources":[{"key":"site","value":"https://invimedic365.sharepoint.com/sites/TalentoHumano"}]},{"id":"/providers/Microsoft.PowerApps/apis/shared_sharepointonline/apiOperations/PatchFileItem","apiName":"SharePoint","actionName":"PatchFileItem","referencedResources":[{"key":"site","value":"https://invimedic365.sharepoint.com/sites/TalentoHumano"},{"key":"list","value":"10d238ce-83ce-47fb-9221-fa6f91ab9f7e"}]}]},"3ee5c85b-57bd-4b42-9411-2770e09d344d":{"id":"6d15332e-8c0d-4d57-afea-3b2e97d8bd44","displayName":"SharePoint","iconUri":"https://connectoricons-prod.azureedge.net/releases/v1.0.1568/1.0.1568.2757/sharepointonline/icon.png","dataSources":[],"dependencies":[],"dependents":["db73e12d-3e76-4451-9201-99d86c9f4e77","91c9e71d-ad34-4cd1-b05e-963af6072425","1f1caf28-2503-49c6-844b-915b926d53c1"],"parameterHints":{},"parameterHintsV2":{},"isOnPremiseConnection":false,"bypassConsent":false,"dataSets":{},"apiTier":"Standard","isCustomApiConnection":false,"actions":["providers/PowerPlatform.Governance/Operations/Read"]},"91c9e71d-ad34-4cd1-b05e-963af6072425":{"id":"ff0502af-3881-420c-aa5d-3651c2dbf9a5","displayName":"Flujos lógicos","iconUri":"https://connectoricons-prod.azureedge.net/releases/v1.0.1534/1.0.1534.2605/logicflows/icon.png","dataSources":["AutomatizaciondeCertificadosconsueldo"],"dependencies":["3ee5c85b-57bd-4b42-9411-2770e09d344d"],"dependents":[],"parameterHints":{"workflowName":{"value":"c7a2122a-d9fe-4290-818f-f7532880b7a3"},"workflowEntityId":{},"3ee5c85b-57bd-4b42-9411-2770e09d344d":{"value":"shared_sharepointonline"}},"parameterHintsV2":{"workflowName":{"value":"c7a2122a-d9fe-4290-818f-f7532880b7a3"},"workflowEntityId":{},"shared_sharepointonline":{"value":"3ee5c85b-57bd-4b42-9411-2770e09d344d"}},"isOnPremiseConnection":false,"bypassConsent":false,"dataSets":{},"apiTier":"Standard","isCustomApiConnection":false,"actions":["Run"],"nestedActions":[{"id":"/providers/Microsoft.PowerApps/apis/shared_sharepointonline/apiOperations/GetFileContentByPath","apiName":"SharePoint","actionName":"GetFileContentByPath","referencedResources":[{"key":"site","value":"https://invimedic365.sharepoint.com/sites/TalentoHumano"}]},{"id":"/providers/Microsoft.PowerApps/apis/shared_sharepointonline/apiOperations/CreateFile","apiName":"SharePoint","actionName":"CreateFile","referencedResources":[{"key":"site","value":"https://invimedic365.sharepoint.com/sites/TalentoHumano"}]},{"id":"/providers/Microsoft.PowerApps/apis/shared_sharepointonline/apiOperations/PatchFileItem","apiName":"SharePoint","actionName":"PatchFileItem","referencedResources":[{"key":"site","value":"https://invimedic365.sharepoint.com/sites/TalentoHumano"},{"key":"list","value":"10d238ce-83ce-47fb-9221-fa6f91ab9f7e"}]}]},"1f1caf28-2503-49c6-844b-915b926d53c1":{"id":"ff0502af-3881-420c-aa5d-3651c2dbf9a5","displayName":"Flujos lógicos","iconUri":"https://connectoricons-prod.azureedge.net/releases/v1.0.1534/1.0.1534.2605/logicflows/icon.png","dataSources":["AutomatizaciondeCertificadossalvoconducto"],"dependencies":["3ee5c85b-57bd-4b42-9411-2770e09d344d"],"dependents":[],"parameterHints":{"workflowName":{"value":"d4b363f3-d7c0-4e67-9121-fa51925bb429"},"workflowEntityId":{},"3ee5c85b-57bd-4b42-9411-2770e09d344d":{"value":"shared_sharepointonline"}},"parameterHintsV2":{"workflowName":{"value":"d4b363f3-d7c0-4e67-9121-fa51925bb429"},"workflowEntityId":{},"shared_sharepointonline":{"value":"3ee5c85b-57bd-4b42-9411-2770e09d344d"}},"isOnPremiseConnection":false,"bypassConsent":false,"dataSets":{},"apiTier":"Standard","isCustomApiConnection":false,"actions":["Run"],"nestedActions":[{"id":"/providers/Microsoft.PowerApps/apis/shared_sharepointonline/apiOperations/GetFileContentByPath","apiName":"SharePoint","actionName":"GetFileContentByPath","referencedResources":[{"key":"site","value":"https://invimedic365.sharepoint.com/sites/TalentoHumano"}]},{"id":"/providers/Microsoft.PowerApps/apis/shared_sharepointonline/apiOperations/CreateFile","apiName":"SharePoint","actionName":"CreateFile","referencedResources":[{"key":"site","value":"https://invimedic365.sharepoint.com/sites/TalentoHumano"}]},{"id":"/providers/Microsoft.PowerApps/apis/shared_sharepointonline/apiOperations/PatchFileItem","apiName":"SharePoint","actionName":"PatchFileItem","referencedResources":[{"key":"site","value":"https://invimedic365.sharepoint.com/sites/TalentoHumano"},{"key":"list","value":"10d238ce-83ce-47fb-9221-fa6f91ab9f7e"}]}]}},"databaseReferences":{},"almMode":"Environment","performanceOptimizationEnabled":true,"canConsumeAppPass":true,"executionRestrictions":{"isTeamsOnly":false,"dataLossPreventionEvaluationResult":{"status":"Compliant","lastEvaluationDate":"2022-05-11T21:43:17.4959814Z","violations":[],"violationsByPolicy":[],"violationErrorMessage":"La aplicación usa los siguientes conectores: shared_sharepointonline, shared_logicflows."},"httpActionRestriction":{"appUsesSharepointHttpAction":false,"enforcementStrategy":"Legacy","evaluationTime":"2022-05-11T21:43:17.4959814Z"}}},"appType":"ClassicCanvasApp","appComponents":[]}}