{"name":"9e8435ee-4d7f-4b40-80c4-170b15bb2941","id":"/providers/Microsoft.Flow/flows/9e8435ee-4d7f-4b40-80c4-170b15bb2941","type":"Microsoft.Flow/flows","properties":{"apiId":"/providers/Microsoft.PowerApps/apis/shared_logicflows","displayName":"Automatizacion de Certificados salvo conducto","definition":{"metadata":{"workflowEntityId":null,"processAdvisorMetadata":null,"flowclientsuspensionreason":"None","flowclientsuspensiontime":null,"creator":{"id":"385146e4-09ee-41df-b47a-54703d92731e","type":"User","tenantId":"2c45ee55-0a58-4462-bdfb-91583b22f0a1"},"provisioningMethod":"FromDefinition","failureAlertSubscription":true,"clientLastModifiedTime":"2022-05-06T16:46:35.3200565Z"},"$schema":"https://schema.management.azure.com/providers/Microsoft.Logic/schemas/2016-06-01/workflowdefinition.json#","contentVersion":"1.0.0.0","parameters":{"$connections":{"defaultValue":{},"type":"Object"},"$authentication":{"defaultValue":{},"type":"SecureObject"}},"triggers":{"manual":{"metadata":{"operationMetadataId":"098e5e00-8b28-4237-acce-221079a045ef"},"type":"Request","kind":"PowerAppV2","inputs":{"schema":{"type":"object","properties":{"text":{"title":"Hoy","type":"string","x-ms-dynamically-added":true,"description":"Escribir entrada","x-ms-content-hint":"TEXT"},"text_1":{"title":"Abreviatura","type":"string","x-ms-dynamically-added":true,"description":"Escribir entrada","x-ms-content-hint":"TEXT"},"text_2":{"title":"Nombres Completos","type":"string","x-ms-dynamically-added":true,"description":"Escribir entrada","x-ms-content-hint":"TEXT"},"text_3":{"title":"Cedula","type":"string","x-ms-dynamically-added":true,"description":"Escribir entrada","x-ms-content-hint":"TEXT"},"text_4":{"title":"Ingreso","type":"string","x-ms-dynamically-added":true,"description":"Escribir entrada","x-ms-content-hint":"TEXT"},"text_5":{"title":"Cargo","type":"string","x-ms-dynamically-added":true,"description":"Escribir entrada","x-ms-content-hint":"TEXT"},"text_8":{"title":"Empresa","type":"string","x-ms-dynamically-added":true,"description":"Escribir entrada","x-ms-content-hint":"TEXT"}},"required":["text","text_1","text_2","text_3","text_4","text_5","text_8"]}}}},"actions":{"Obtener_contenido_de_archivo_mediante_ruta_de_acceso":{"runAfter":{},"metadata":{"operationMetadataId":"08fd8e59-cec4-483a-9f82-ca2e75411a81"},"type":"OpenApiConnection","inputs":{"host":{"apiId":"/providers/Microsoft.PowerApps/apis/shared_sharepointonline","connectionName":"shared_sharepointonline","operationId":"GetFileContentByPath"},"parameters":{"dataset":"https://invimedic365.sharepoint.com/sites/TalentoHumano","path":"/Plantillas/Certificado Laboral salvo conducto.docx","inferContentType":true},"authentication":{"value":"@json(decodeBase64(triggerOutputs().headers['X-MS-APIM-Tokens']))['$ConnectionKey']","type":"Raw"}}},"Crear_archivo":{"runAfter":{"Obtener_contenido_de_archivo_mediante_ruta_de_acceso":["Succeeded"]},"metadata":{"operationMetadataId":"79bd7956-d5c8-4d25-bfcc-142f490533ec"},"type":"OpenApiConnection","inputs":{"host":{"apiId":"/providers/Microsoft.PowerApps/apis/shared_sharepointonline","connectionName":"shared_sharepointonline","operationId":"CreateFile"},"parameters":{"dataset":"https://invimedic365.sharepoint.com/sites/TalentoHumano","folderPath":"/Documentos compartidos/Certificados Generados","name":"Certificado_@{triggerBody()['text_1']}@{triggerBody()['text_2']}@{utcNow()}.docx","body":"@body('Obtener_contenido_de_archivo_mediante_ruta_de_acceso')"},"authentication":{"value":"@json(decodeBase64(triggerOutputs().headers['X-MS-APIM-Tokens']))['$ConnectionKey']","type":"Raw"}},"runtimeConfiguration":{"contentTransfer":{"transferMode":"Chunked"}}},"Actualizar_propiedades_del_archivo":{"runAfter":{"Crear_archivo":["Succeeded"]},"metadata":{"operationMetadataId":"2bc310da-9713-4237-b8ba-4b7120bb8b15"},"type":"OpenApiConnection","inputs":{"host":{"apiId":"/providers/Microsoft.PowerApps/apis/shared_sharepointonline","connectionName":"shared_sharepointonline","operationId":"PatchFileItem"},"parameters":{"dataset":"https://invimedic365.sharepoint.com/sites/TalentoHumano","table":"10d238ce-83ce-47fb-9221-fa6f91ab9f7e","id":"@outputs('Crear_archivo')?['body/ItemId']","item/Nombres_x0020_Apellidos":"@triggerBody()['text_2']","item/Cedula":"@triggerBody()['text_3']","item/Fecha_x0020_Hoy":"@triggerBody()['text']","item/Fecha_x0020_Ingreso":"@triggerBody()['text_4']","item/Cargo":"@triggerBody()['text_5']","item/Empresa":"@triggerBody()['text_8']","item/Abreviatura":"@triggerBody()['text_1']","item/{ContentType}/Id":"0x0101003AD8527E1F36684E8B8353643F9DCFD200E56ACF3E9A608E40970525D6934FFBAD"},"authentication":{"value":"@json(decodeBase64(triggerOutputs().headers['X-MS-APIM-Tokens']))['$ConnectionKey']","type":"Raw"}}}}},"connectionReferences":{"shared_sharepointonline":{"connectionName":"39c4a91d3099402a83ded5f9270af9fa","source":"Invoker","id":"/providers/Microsoft.PowerApps/apis/shared_sharepointonline","tier":"NotSpecified"}},"flowFailureAlertSubscribed":false,"isManaged":false}}